Unnamed: 0,cond_duration,cond_expt,sentence,audio_file,item_id,item_id_control,subject_id,sentence_duration,isi_duration,surprisal-5gram_mean,surprisal-gpt2-xl_mean,surprisal-pcfg_mean,stimsetid,sent_identifier,PC1,PC2
baseline200.p5.1,2,sentence,It has a light tangy flavor.,item_id=8_Studio_O_target_dur=2_epsilon_dur=0.03_actual_dur=1.9500_speed=0.893.wav,1.0,8.0,p5,2,4,2.911316616194589,4.2729816,9.93422142857143,beta-control-neural-D.8,torontoadv.6.048659,-6.636529452781437,-45.934976541299314
baseline200.p5.2,2,sentence,Sophia was asleep on the sofa.,item_id=15_Studio_O_target_dur=2_epsilon_dur=0.03_actual_dur=1.9750_speed=1.216.wav,2.0,15.0,p5,2,4,2.442938596010208,3.321891,11.297841428571427,beta-control-neural-D.15,torontoadv.6.002508,-13.454950533734412,-56.02105170130277
baseline200.p5.3,2,sentence,Her answer was difficult to grasp.,item_id=16_Studio_O_target_dur=2_epsilon_dur=0.03_actual_dur=1.9500_speed=1.060.wav,3.0,16.0,p5,2,4,2.416376965386527,4.3579454,9.375687714285714,beta-control-neural-D.16,torontoadv.6.027866,-60.80679370683855,-5.230186670966262
baseline200.p5.4,2,sentence,His leg is too badly damaged.,item_id=19_Studio_O_target_dur=2_epsilon_dur=0.03_actual_dur=1.9500_speed=0.873.wav,4.0,19.0,p5,2,4,2.0483196143593108,4.6701465,10.318251428571427,beta-control-neural-D.19,torontoadv.6.000419,-46.41368845503522,-15.217330776252052
baseline200.p5.5,2,sentence,He treated them like puppy dogs.,item_id=20_Studio_O_target_dur=2_epsilon_dur=0.03_actual_dur=1.9500_speed=0.870.wav,5.0,20.0,p5,2,4,3.0013584750039235,4.4234176,11.356434285714286,beta-control-neural-D.20,torontoadv.6.009295,-62.96279501564906,-30.876940472206776
baseline200.p5.6,2,sentence,He took another sip of beer.,item_id=27_Studio_O_target_dur=2_epsilon_dur=0.03_actual_dur=1.9750_speed=0.769.wav,6.0,27.0,p5,2,4,2.329770565032959,3.5605261,10.685918571428571,beta-control-neural-D.27,torontoadv.6.031326,-29.95292955076781,-39.44546214572285
baseline200.p5.7,2,sentence,Another dance is about to begin.,item_id=33_Studio_O_target_dur=2_epsilon_dur=0.03_actual_dur=1.9750_speed=1.112.wav,7.0,33.0,p5,2,4,2.043961295059749,4.0781355,8.885094285714285,beta-control-neural-D.33,torontoadv.6.011883,-77.7406635866211,-16.747731778731918
baseline200.p5.8,2,sentence,She seems awfully likable to me.,item_id=36_Studio_O_target_dur=2_epsilon_dur=0.03_actual_dur=1.9500_speed=1.152.wav,8.0,36.0,p5,2,4,3.4507603900773183,4.123476,11.715684285714286,beta-control-neural-D.36,torontoadv.6.039210,-22.21377079366578,25.382831792217903
baseline200.p5.9,2,sentence,They started hiking down the mountain.,item_id=44_Studio_O_target_dur=2_epsilon_dur=0.03_actual_dur=1.9750_speed=1.015.wav,9.0,44.0,p5,2,4,2.697471184389932,4.422843,10.225945714285714,beta-control-neural-D.44,torontoadv.6.015507,-96.57441447583076,-46.614603002301344
baseline200.p5.10,2,sentence,Light from a fire burned inside.,item_id=48_Studio_O_target_dur=2_epsilon_dur=0.03_actual_dur=1.9500_speed=0.850.wav,10.0,48.0,p5,2,4,2.4976587976728166,5.3494635,12.195134285714287,beta-control-neural-D.48,torontoadv.6.044007,41.47584684373078,-9.740642351094488
baseline200.p5.11,2,sentence,Can we pursue him for robbery?,item_id=52_Studio_O_target_dur=2_epsilon_dur=0.03_actual_dur=1.9750_speed=1.005.wav,11.0,52.0,p5,2,4,2.909459718636104,5.5820484,11.94297,beta-control-neural-D.52,torontoadv.6.054168,41.12963869003903,1.6002824105702544
baseline200.p5.12,2,sentence,Every now and then she stopped.,item_id=53_Studio_O_target_dur=2_epsilon_dur=0.03_actual_dur=1.9500_speed=0.880.wav,12.0,53.0,p5,2,4,1.916865843348205,4.2778563,12.269192857142857,beta-control-neural-D.53,torontoadv.6.053846,-20.98543688018324,16.275126181577185
baseline200.p5.13,2,sentence,I cannot debate the truth fact.,item_id=56_Studio_O_target_dur=2_epsilon_dur=0.03_actual_dur=1.9500_speed=0.827.wav,13.0,56.0,p5,2,4,3.052044153213501,6.0255604,9.925745,beta-control-neural-D.56,torontoadv.6.057658,87.42828090363182,53.415642901126766
baseline200.p5.14,2,sentence,This lady was an outrageous girl.,item_id=73_Studio_O_target_dur=2_epsilon_dur=0.03_actual_dur=1.9750_speed=1.015.wav,14.0,73.0,p5,2,4,2.810354777744838,5.3378944,10.95553142857143,beta-control-neural-D.73,torontoadv.6.023104,37.64746096423236,-2.7850543210530967
baseline200.p5.15,2,sentence,Another driver waited in a car.,item_id=80_Studio_O_target_dur=2_epsilon_dur=0.03_actual_dur=1.9750_speed=1.228.wav,15.0,80.0,p5,2,4,2.3603813222476413,5.3172207,10.117872857142856,beta-control-neural-D.80,torontoadv.6.021332,-79.00185228854774,-28.980024138768677
baseline200.p5.16,2,sentence,"Strangely, I did not feel nervous.",item_id=87_Studio_O_target_dur=2_epsilon_dur=0.03_actual_dur=1.9750_speed=1.000.wav,16.0,87.0,p5,2,4,2.670302552836282,3.5506437,8.30322625,beta-control-neural-D.87,torontoadv.6.001190,-100.3694087359675,22.089791902386576
baseline200.p5.17,2,sentence,"Carefully though, he packed them away.",item_id=89_Studio_O_target_dur=2_epsilon_dur=0.03_actual_dur=1.9750_speed=1.085.wav,17.0,89.0,p5,2,4,3.1393236219882965,4.5975614,10.52188125,beta-control-neural-D.89,torontoadv.6.046833,54.03283962899484,28.615429861618587
baseline200.p5.18,2,sentence,Look at that painting over there.,item_id=98_Studio_O_target_dur=2_epsilon_dur=0.03_actual_dur=1.9750_speed=0.791.wav,18.0,98.0,p5,2,4,2.7209746156420027,3.7624655,10.43653857142857,beta-control-neural-D.98,torontoadv.6.010474,-48.885959275933786,6.39808110311464
baseline200.p5.19,2,sentence,What could frighten them this badly?,item_id=101_Studio_O_target_dur=2_epsilon_dur=0.03_actual_dur=1.9750_speed=0.826.wav,19.0,101.0,p5,2,4,3.5042985337121144,5.02508,11.487034285714287,beta-control-neural-D.101,torontoadv.6.015141,-11.693727830394971,38.809438510287386
baseline200.p5.20,2,sentence,Take me to a computer terminal.,item_id=103_Studio_O_target_dur=2_epsilon_dur=0.03_actual_dur=1.9750_speed=1.057.wav,20.0,103.0,p5,2,4,2.175930849143437,4.5429816,9.989755714285716,beta-control-neural-D.103,torontoadv.6.034240,-65.91017894508389,-39.694204648502975
baseline200.p5.21,2,sentence,You are quite smart and attentive.,item_id=106_Studio_O_target_dur=2_epsilon_dur=0.03_actual_dur=1.9500_speed=0.930.wav,21.0,106.0,p5,2,4,2.5620710168566023,4.675925,9.761260000000002,beta-control-neural-D.106,torontoadv.6.040357,-53.346675626773305,13.418546939860878
baseline200.p5.22,2,sentence,"Besides, it would be terribly unsafe.",item_id=117_Studio_O_target_dur=2_epsilon_dur=0.03_actual_dur=1.9750_speed=1.170.wav,22.0,117.0,p5,2,4,2.896268597670964,4.221952,8.23904375,beta-control-neural-D.117,torontoadv.6.040970,-9.65313478178868,64.65474828598315
baseline200.p5.23,2,sentence,Her wrist supported many gold bangles.,item_id=118_Studio_O_target_dur=2_epsilon_dur=0.03_actual_dur=1.9750_speed=1.170.wav,23.0,118.0,p5,2,4,3.3233557769230435,6.5894213,12.61528,beta-control-neural-D.118,torontoadv.6.016434,4.988055380004208,-45.856059573108105
baseline200.p5.24,2,sentence,Many soldiers served in his army.,item_id=125_Studio_O_target_dur=2_epsilon_dur=0.03_actual_dur=1.9750_speed=1.063.wav,24.0,125.0,p5,2,4,2.111670958144324,4.9290447,9.997928571428572,beta-control-neural-D.125,torontoadv.6.035997,-68.60348907089943,-32.57935091481006
baseline200.p5.25,2,sentence,It seemed to calm his anxiety.,item_id=126_Studio_O_target_dur=2_epsilon_dur=0.03_actual_dur=1.9750_speed=1.000.wav,25.0,126.0,p5,2,4,2.4246543986456737,4.6030445,8.987004285714287,beta-control-neural-D.126,torontoadv.6.013515,7.009780892080193,-3.830078011755176
baseline200.p5.26,2,sentence,My assistant is bringing them out.,item_id=128_Studio_O_target_dur=2_epsilon_dur=0.03_actual_dur=1.9750_speed=1.000.wav,26.0,128.0,p5,2,4,2.7497511506080627,5.0568953,10.282568571428572,beta-control-neural-D.128,torontoadv.6.025181,-37.55722052054484,-24.59503918360541
baseline200.p5.27,2,sentence,What help can you possibly need?,item_id=132_Studio_O_target_dur=2_epsilon_dur=0.03_actual_dur=1.9500_speed=0.797.wav,27.0,132.0,p5,2,4,3.250577551977975,3.8991668,11.274225714285716,beta-control-neural-D.132,torontoadv.6.015974,-32.5351556615179,68.15176353033011
baseline200.p5.28,2,sentence,A photo appears on the screen.,item_id=135_Studio_O_target_dur=2_epsilon_dur=0.03_actual_dur=1.9750_speed=0.882.wav,28.0,135.0,p5,2,4,1.9899091678006309,3.5503957,9.958495714285714,beta-control-neural-D.135,torontoadv.6.055649,-82.6151683684815,-30.94257127081882
baseline200.p5.29,2,sentence,The liquid was indeed fresh water.,item_id=136_Studio_O_target_dur=2_epsilon_dur=0.03_actual_dur=1.9750_speed=1.015.wav,29.0,136.0,p5,2,4,2.544897513730185,5.3709598,11.111352857142858,beta-control-neural-D.136,torontoadv.6.033832,-13.078753740835936,-4.0223130000292056
baseline200.p5.30,2,sentence,This is the force field parameter.,item_id=137_Studio_O_target_dur=2_epsilon_dur=0.03_actual_dur=1.9750_speed=1.000.wav,30.0,137.0,p5,2,4,2.4376143472535268,5.0827312,10.372654285714288,beta-control-neural-D.137,torontoadv.6.057428,-19.514401226911342,-47.16449584934664
baseline200.p5.31,2,sentence,Consequences to us could prove fatal.,item_id=140_Studio_O_target_dur=2_epsilon_dur=0.03_actual_dur=1.9750_speed=1.070.wav,31.0,140.0,p5,2,4,2.7111579946109226,4.8564363,10.587698571428572,beta-control-neural-D.140,torontoadv.6.027274,5.010833300449568,27.9062306906253
baseline200.p5.32,2,sentence,I studied and became a lawyer.,item_id=144_Studio_O_target_dur=2_epsilon_dur=0.03_actual_dur=1.9750_speed=0.977.wav,32.0,144.0,p5,2,4,2.1244248236928667,3.8366172,8.697185714285714,beta-control-neural-D.144,torontoadv.6.044155,-26.9178305347531,2.427233721824524
baseline200.p5.33,2,sentence,They finished eating their chicken dumplings.,item_id=146_Studio_O_target_dur=2_epsilon_dur=0.03_actual_dur=1.9500_speed=1.103.wav,33.0,146.0,p5,2,4,3.307543839727129,4.6513257,11.968812857142856,beta-control-neural-D.146,torontoadv.6.056128,-46.20989946658815,-27.087837546722724
baseline200.p5.34,2,sentence,Her energy level was too low.,item_id=152_Studio_O_target_dur=2_epsilon_dur=0.03_actual_dur=1.9500_speed=1.076.wav,34.0,152.0,p5,2,4,2.262091798441751,4.2640324,9.079545714285716,beta-control-neural-D.152,torontoadv.6.039900,-47.160788348548586,8.374763998935054
baseline200.p5.35,2,sentence,Spray and vapor filled the void.,item_id=154_Studio_O_target_dur=2_epsilon_dur=0.03_actual_dur=1.9500_speed=0.793.wav,35.0,154.0,p5,2,4,2.856028378009796,5.6175904,13.37357,beta-control-neural-D.154,torontoadv.6.018900,27.702385295323676,-55.58385903499201
baseline200.p5.36,2,sentence,The next house is kilometres away.,item_id=169_Studio_O_target_dur=2_epsilon_dur=0.03_actual_dur=1.9750_speed=1.191.wav,36.0,169.0,p5,2,4,2.657033741474152,5.1483536,9.911735714285712,beta-control-neural-D.169,torontoadv.6.040118,-31.76043034004688,-35.4256736910141
baseline200.p5.37,2,sentence,You connect it to a computer.,item_id=172_Studio_O_target_dur=2_epsilon_dur=0.03_actual_dur=1.9500_speed=0.969.wav,37.0,172.0,p5,2,4,2.3851563164166043,4.168246,8.945642857142857,beta-control-neural-D.172,torontoadv.6.061104,-43.74828139473741,10.785015211271402
baseline200.p5.38,2,sentence,Are they going to expel her?,item_id=175_Studio_O_target_dur=2_epsilon_dur=0.03_actual_dur=1.9500_speed=0.860.wav,38.0,175.0,p5,2,4,2.161663355571883,4.1977696,11.143872857142856,beta-control-neural-D.175,torontoadv.6.035063,6.753350760736439,37.24419016436558
baseline200.p5.39,2,sentence,So he continued in his ignorance.,item_id=176_Studio_O_target_dur=2_epsilon_dur=0.03_actual_dur=1.9500_speed=1.246.wav,39.0,176.0,p5,2,4,2.2386682288987294,4.9459186,8.232988571428573,beta-control-neural-D.176,torontoadv.6.018314,-48.90354028873167,24.85257947730544
baseline200.p5.40,2,sentence,The hesitant rhythm of the band.,item_id=182_Studio_O_target_dur=2_epsilon_dur=0.03_actual_dur=1.9750_speed=1.000.wav,40.0,182.0,p5,2,4,2.5709005338805064,5.503108,11.766302857142858,beta-control-neural-D.182,torontofantasy.6.364346,11.70069538194217,-48.90821009349369
baseline200.p5.41,2,sentence,Headed into the town's only bar.,item_id=188_Studio_O_target_dur=2_epsilon_dur=0.03_actual_dur=1.9750_speed=1.000.wav,41.0,188.0,p5,2,4,2.378925412893296,4.799985,11.42727125,beta-control-neural-D.188,torontofantasy.6.432850,2.427981827791673,-3.3948320689690905
baseline200.p5.42,2,sentence,"Scary and freaky sometimes, but awesome.",item_id=191_Studio_O_target_dur=2_epsilon_dur=0.03_actual_dur=1.9500_speed=1.247.wav,42.0,191.0,p5,2,4,3.814594302858625,4.0616384,12.9072025,beta-control-neural-D.191,torontofantasy.6.456598,41.81827429870793,43.32306871160799
baseline200.p5.43,2,sentence,The crowd burst into sudden cacophony.,item_id=196_Studio_O_target_dur=2_epsilon_dur=0.03_actual_dur=1.9750_speed=1.216.wav,43.0,196.0,p5,2,4,3.002276378018516,4.120101,11.995784285714285,beta-control-neural-D.196,torontofantasy.6.355686,63.29053265468653,-59.59490099326138
baseline200.p5.44,2,sentence,Down by the abandoned train station.,item_id=200_Studio_O_target_dur=2_epsilon_dur=0.03_actual_dur=1.9750_speed=1.057.wav,44.0,200.0,p5,2,4,2.259578287601471,4.478745,11.535724285714284,beta-control-neural-D.200,torontofantasy.6.363926,-24.36167702898328,-32.83711354655309
baseline200.p5.45,2,sentence,You have the poor girl terrified.,item_id=201_Studio_O_target_dur=2_epsilon_dur=0.03_actual_dur=1.9750_speed=0.862.wav,45.0,201.0,p5,2,4,2.752128498894828,5.575306,10.938680000000002,beta-control-neural-D.201,torontofantasy.6.304788,1.206040734250998,3.5019808896700364
baseline200.p5.46,2,sentence,He handed her the leather bag.,item_id=202_Studio_O_target_dur=2_epsilon_dur=0.03_actual_dur=1.9500_speed=0.870.wav,46.0,202.0,p5,2,4,2.834857881069184,4.5519514,11.575104285714286,beta-control-neural-D.202,torontofantasy.6.085809,-25.073673701169973,-26.568351427825384
baseline200.p5.47,2,sentence,They taught her humility and compassion.,item_id=208_Studio_O_target_dur=2_epsilon_dur=0.03_actual_dur=1.9750_speed=1.231.wav,47.0,208.0,p5,2,4,2.2886393197945187,4.663374,11.937342857142855,beta-control-neural-D.208,torontofantasy.6.282971,-42.215323215796296,-9.961359816525274
baseline200.p5.48,2,sentence,She's using dancing moves to fight.,item_id=211_Studio_O_target_dur=2_epsilon_dur=0.03_actual_dur=1.9500_speed=0.914.wav,48.0,211.0,p5,2,4,2.595256596803665,5.716858,10.15023,beta-control-neural-D.211,torontofantasy.6.034279,23.227025228859976,-16.13374961270033
baseline200.p5.49,2,sentence,Was that demon or elven magic?,item_id=212_Studio_O_target_dur=2_epsilon_dur=0.03_actual_dur=1.9750_speed=1.028.wav,49.0,212.0,p5,2,4,3.6296580689294,5.5807457,14.265277142857142,beta-control-neural-D.212,torontofantasy.6.259381,46.5115178132661,-4.507312703616812
baseline200.p5.50,2,sentence,And beautiful and smart and witty.,item_id=214_Studio_O_target_dur=2_epsilon_dur=0.03_actual_dur=1.9500_speed=1.028.wav,50.0,214.0,p5,2,4,2.4807988660676137,4.9282928,12.386124285714288,beta-control-neural-D.214,torontofantasy.6.213329,50.62786151719564,28.21011309923191
baseline200.p5.51,2,sentence,The inside was circular in shape.,item_id=225_Studio_O_target_dur=2_epsilon_dur=0.03_actual_dur=1.9750_speed=1.046.wav,51.0,225.0,p5,2,4,1.992870100906917,4.995891,10.747592857142855,beta-control-neural-D.225,torontofantasy.6.041006,-72.16962946320389,-33.65973805821697
baseline200.p5.52,2,sentence,That would be simple and effective.,item_id=227_Studio_O_target_dur=2_epsilon_dur=0.03_actual_dur=1.9500_speed=1.000.wav,52.0,227.0,p5,2,4,1.9442651654992784,3.8615289,7.3887285714285715,beta-control-neural-D.227,torontofantasy.6.110902,-59.75441620016612,41.56315797353787
baseline200.p5.53,2,sentence,She lifted her gun and fired.,item_id=233_Studio_O_target_dur=2_epsilon_dur=0.03_actual_dur=1.9500_speed=0.858.wav,53.0,233.0,p5,2,4,2.484653583594731,3.845717,12.491912857142855,beta-control-neural-D.233,torontofantasy.6.437823,-40.54772361337277,-51.57769511905218
baseline200.p5.54,2,sentence,The four of them silently embraced.,item_id=261_Studio_O_target_dur=2_epsilon_dur=0.03_actual_dur=1.9750_speed=1.028.wav,54.0,261.0,p5,2,4,2.5194798005478725,5.0558405,11.707785714285714,beta-control-neural-D.261,torontofantasy.6.036507,-32.94260054511154,-28.854244227769712
baseline200.p5.55,2,sentence,And some green beans and tomatoes.,item_id=266_Studio_O_target_dur=2_epsilon_dur=0.03_actual_dur=1.9500_speed=0.869.wav,55.0,266.0,p5,2,4,2.758209994861058,5.024174,12.762821428571428,beta-control-neural-D.266,torontofantasy.6.079230,20.6131716437826,12.464288940801111
baseline200.p5.56,2,sentence,No response to known prescription drugs.,item_id=270_Studio_O_target_dur=2_epsilon_dur=0.03_actual_dur=1.9500_speed=1.086.wav,56.0,270.0,p5,2,4,2.7354973384312222,5.801579,11.758801428571427,beta-control-neural-D.270,torontofantasy.6.147313,35.94486925879214,-2.563338889809329
baseline200.p5.57,2,sentence,The problem is the surveillance cameras.,item_id=275_Studio_O_target_dur=2_epsilon_dur=0.03_actual_dur=1.9750_speed=1.185.wav,57.0,275.0,p5,2,4,1.9314165200505933,4.135285,8.530817142857142,beta-control-neural-D.275,torontofantasy.6.017801,-15.655221429020242,19.09816355121427
baseline200.p5.58,2,sentence,The signal was one of power.,item_id=281_Studio_O_target_dur=2_epsilon_dur=0.03_actual_dur=1.9500_speed=0.796.wav,58.0,281.0,p5,2,4,1.9956211649945803,4.7108526,7.803753714285714,beta-control-neural-D.281,torontofantasy.6.109846,11.470681225807404,-9.213471499384973
baseline200.p5.59,2,sentence,I'm not teaching middle school here.,item_id=288_Studio_O_target_dur=2_epsilon_dur=0.03_actual_dur=1.9500_speed=0.869.wav,59.0,288.0,p5,2,4,2.5526399314403534,3.9478195,10.849655,beta-control-neural-D.288,torontofantasy.6.168656,-53.09554116273707,38.2841796800284
baseline200.p5.60,2,sentence,The sometimes cruel and hateful road.,item_id=295_Studio_O_target_dur=2_epsilon_dur=0.03_actual_dur=1.9750_speed=1.000.wav,60.0,295.0,p5,2,4,3.164930437292372,6.5530834,13.935597142857144,beta-control-neural-D.295,torontofantasy.6.460006,22.371326836022583,8.212180821959542
baseline200.p5.61,2,sentence,Forgive me if I frighten you.,item_id=305_Studio_O_target_dur=2_epsilon_dur=0.03_actual_dur=1.9500_speed=0.876.wav,61.0,305.0,p5,2,4,2.697212186242853,2.828233,13.419117142857145,beta-control-neural-D.305,torontofantasy.6.193557,-73.74106695803545,21.504228498917
baseline200.p5.62,2,sentence,"Like an idiot, I'd believed her.",item_id=309_Studio_O_target_dur=2_epsilon_dur=0.03_actual_dur=1.9750_speed=1.041.wav,62.0,309.0,p5,2,4,2.8108426332473755,3.9008005,10.85342111111111,beta-control-neural-D.309,torontofantasy.6.326616,-25.040381561923127,61.52071114395752
baseline200.p5.63,2,sentence,I certainly wouldn't wear dress pants.,item_id=313_Studio_O_target_dur=2_epsilon_dur=0.03_actual_dur=1.9500_speed=0.930.wav,63.0,313.0,p5,2,4,2.336649843258783,4.6728444,10.1654375,beta-control-neural-D.313,torontofantasy.6.400488,-14.007612700974375,44.61282563262595
baseline200.p5.64,2,sentence,Great water pressure in those pipes.,item_id=315_Studio_O_target_dur=2_epsilon_dur=0.03_actual_dur=1.9500_speed=0.839.wav,64.0,315.0,p5,2,4,3.172227731772832,5.4367294,12.037244285714284,beta-control-neural-D.315,torontofantasy.6.314112,-19.337017962475045,-1.3109538528792968
baseline200.p5.65,2,sentence,From northern waste to southern hill.,item_id=318_Studio_O_target_dur=2_epsilon_dur=0.03_actual_dur=1.9500_speed=0.977.wav,65.0,318.0,p5,2,4,3.13998453106199,6.3609424,13.382261428571429,beta-control-neural-D.318,torontofantasy.6.157829,110.91477457704752,-66.5043426643087
baseline200.p5.66,2,sentence,Her safety is of utmost importance.,item_id=324_Studio_O_target_dur=2_epsilon_dur=0.03_actual_dur=1.9750_speed=1.121.wav,66.0,324.0,p5,2,4,2.2510085265551294,3.6596029,11.233532857142858,beta-control-neural-D.324,torontofantasy.6.006530,-22.43927772564876,23.359367652349672
baseline200.p5.67,2,sentence,But nothing like those stomach cramps.,item_id=326_Studio_O_target_dur=2_epsilon_dur=0.03_actual_dur=1.9500_speed=0.765.wav,67.0,326.0,p5,2,4,2.75573148897716,5.065161,12.164131428571428,beta-control-neural-D.326,torontofantasy.6.052738,9.15072671606854,48.53867701740211
baseline200.p5.68,2,sentence,A creature both demon and beast.,item_id=327_Studio_O_target_dur=2_epsilon_dur=0.03_actual_dur=1.9500_speed=0.933.wav,68.0,327.0,p5,2,4,3.30280077457428,5.3408337,14.079968571428571,beta-control-neural-D.327,torontofantasy.6.136104,30.106992119987726,-6.392720319741199
baseline200.p5.69,2,sentence,It wouldn't be any fun otherwise.,item_id=328_Studio_O_target_dur=2_epsilon_dur=0.03_actual_dur=1.9750_speed=1.184.wav,69.0,328.0,p5,2,4,2.0885873198276386,3.216209,9.4086775,beta-control-neural-D.328,torontofantasy.6.250539,-98.71212981615122,42.38829357575834
baseline200.p5.70,2,sentence,"Oh, and an amusing little monkey.",item_id=339_Studio_O_target_dur=2_epsilon_dur=0.03_actual_dur=1.9500_speed=1.186.wav,70.0,339.0,p5,2,4,2.984957013811384,5.217284,11.4336925,beta-control-neural-D.339,torontofantasy.6.120081,68.88073768345684,28.465283186595222
baseline200.p5.71,2,sentence,Thou shalt not accede to evil.,item_id=344_Studio_O_target_dur=2_epsilon_dur=0.03_actual_dur=1.9750_speed=0.819.wav,71.0,344.0,p5,2,4,2.4742179257529124,3.919705,13.794977142857144,beta-control-neural-D.344,torontofantasy.6.083765,140.88874120529397,5.461141667015458
baseline200.p5.72,2,sentence,They need access to our computers.,item_id=350_Studio_O_target_dur=2_epsilon_dur=0.03_actual_dur=1.9750_speed=1.015.wav,72.0,350.0,p5,2,4,2.8105325273105075,4.7502623,8.933068571428572,beta-control-neural-D.350,torontofantasy.6.420561,-106.24795654650784,0.5649332220932461
baseline200.p5.73,2,sentence,"And with your arrogance, it seems.",item_id=354_Studio_O_target_dur=2_epsilon_dur=0.03_actual_dur=1.9500_speed=0.901.wav,73.0,354.0,p5,2,4,3.292515652520316,5.319108,10.0571375,beta-control-neural-D.354,torontofantasy.6.196887,55.27003808794214,69.87853777822205
baseline200.p5.74,2,sentence,Their hearts beat in rhythm together.,item_id=360_Studio_O_target_dur=2_epsilon_dur=0.03_actual_dur=1.9500_speed=0.964.wav,74.0,360.0,p5,2,4,3.1923267415591647,4.2721634,13.179375714285714,beta-control-neural-D.360,torontomyst.6.099594,6.12892480543278,-37.82656697853079
baseline200.p5.75,2,sentence,Quintessential sound of a peaceful night.,item_id=365_Studio_O_target_dur=2_epsilon_dur=0.03_actual_dur=1.9750_speed=1.103.wav,75.0,365.0,p5,2,4,3.1944572925567627,4.7225933,11.811452857142855,beta-control-neural-D.365,torontomyst.6.141570,-1.3498023900349088,-46.99021909531129
baseline200.p5.76,2,sentence,Central Park was across the roadway.,item_id=378_Studio_O_target_dur=2_epsilon_dur=0.03_actual_dur=1.9500_speed=1.015.wav,76.0,378.0,p5,2,4,2.3577633585248674,5.693589,9.669341428571428,beta-control-neural-D.378,torontomyst.6.090244,-37.9161663438027,-45.174954435553545
baseline200.p5.77,2,sentence,Like a late night comedy sketch.,item_id=381_Studio_O_target_dur=2_epsilon_dur=0.03_actual_dur=1.9500_speed=0.819.wav,77.0,381.0,p5,2,4,2.215362480708531,4.590585,12.1601,beta-control-neural-D.381,torontomyst.6.002407,-13.24393721663994,-17.803147921024824
baseline200.p5.78,2,sentence,"At least three, maybe four kids.",item_id=384_Studio_O_target_dur=2_epsilon_dur=0.03_actual_dur=1.9500_speed=0.775.wav,78.0,384.0,p5,2,4,2.5555609124047414,3.8450897,12.0545875,beta-control-neural-D.384,torontomyst.6.110704,-40.508751931025664,8.242641670323717
baseline200.p5.79,2,sentence,"Quite simply, it was becoming tiresome.",item_id=388_Studio_O_target_dur=2_epsilon_dur=0.03_actual_dur=1.9750_speed=1.246.wav,79.0,388.0,p5,2,4,3.0661198667117526,4.0003023,9.89181,beta-control-neural-D.388,torontomyst.6.088378,22.96411819614568,49.714217032707424
baseline200.p5.80,2,sentence,"In fact, he looked downright uncomfortable.",item_id=396_Studio_O_target_dur=2_epsilon_dur=0.03_actual_dur=1.9750_speed=1.163.wav,80.0,396.0,p5,2,4,2.508386995111193,4.0537987,8.895560625,beta-control-neural-D.396,torontomyst.6.085923,28.056751477843832,42.548206046601415
baseline200.p5.81,2,sentence,"I was so embarrassed, so ashamed.",item_id=398_Studio_O_target_dur=2_epsilon_dur=0.03_actual_dur=1.9750_speed=1.109.wav,81.0,398.0,p5,2,4,2.444278717041016,3.3998325,9.42238875,beta-control-neural-D.398,torontomyst.6.119205,-30.67199518640532,28.1027556481413
baseline200.p5.82,2,sentence,Wild horses couldn't keep me away.,item_id=401_Studio_O_target_dur=2_epsilon_dur=0.03_actual_dur=1.9750_speed=1.015.wav,82.0,401.0,p5,2,4,2.2696083253249526,4.6748915,10.21680875,beta-control-neural-D.401,torontomyst.6.097567,25.74407422748741,-10.110400542368232
baseline200.p5.83,2,sentence,Her feathery blond hair hung limp.,item_id=407_Studio_O_target_dur=2_epsilon_dur=0.03_actual_dur=1.9500_speed=1.000.wav,83.0,407.0,p5,2,4,3.390585924897875,5.2839146,15.91593857142857,beta-control-neural-D.407,torontomyst.6.050403,68.50012134277634,-36.84384795417205
baseline200.p5.84,2,sentence,But then somehow I stopped myself.,item_id=409_Studio_O_target_dur=2_epsilon_dur=0.03_actual_dur=1.9500_speed=0.906.wav,84.0,409.0,p5,2,4,3.124141642025539,4.538208,10.27376,beta-control-neural-D.409,torontomyst.6.004278,-64.18340831150667,23.536777040887547
baseline200.p5.85,2,sentence,Something big got the ball rolling.,item_id=419_Studio_O_target_dur=2_epsilon_dur=0.03_actual_dur=1.9500_speed=0.914.wav,85.0,419.0,p5,2,4,2.5600985288619995,4.652729,12.256231428571429,beta-control-neural-D.419,torontomyst.6.096889,48.60633310955327,29.347260388442308
baseline200.p5.86,2,sentence,Opposite ends of the same axis.,item_id=421_Studio_O_target_dur=2_epsilon_dur=0.03_actual_dur=1.9750_speed=1.098.wav,86.0,421.0,p5,2,4,2.22980783028262,4.206649,11.692332857142857,beta-control-neural-D.421,torontomyst.6.135424,-39.59810071026863,-32.69851308592013
baseline200.p5.87,2,sentence,The emperor of the despondent kingdom.,item_id=424_Studio_O_target_dur=2_epsilon_dur=0.03_actual_dur=1.9500_speed=1.247.wav,87.0,424.0,p5,2,4,2.766875888620104,4.848869,11.780255714285715,beta-control-neural-D.424,torontomyst.6.084658,64.04011036949879,-41.57364416834253
baseline200.p5.88,2,sentence,Her wisdom and foresight is evident.,item_id=430_Studio_O_target_dur=2_epsilon_dur=0.03_actual_dur=1.9750_speed=1.109.wav,88.0,430.0,p5,2,4,2.587496748992375,4.766766,11.269367142857144,beta-control-neural-D.430,torontomyst.6.169297,-10.731430782836904,-20.12714621497156
baseline200.p5.89,2,sentence,We made promises of eternal love.,item_id=433_Studio_O_target_dur=2_epsilon_dur=0.03_actual_dur=1.9750_speed=1.135.wav,89.0,433.0,p5,2,4,2.332337422030313,5.376787,11.297091428571427,beta-control-neural-D.433,torontomyst.6.011615,-22.78637483933116,-0.1902501811949438
baseline200.p5.90,2,sentence,The ceremony will take place tonight.,item_id=435_Studio_O_target_dur=2_epsilon_dur=0.03_actual_dur=1.9750_speed=1.166.wav,90.0,435.0,p5,2,4,2.4792957476207187,3.8326538,9.48686714285714,beta-control-neural-D.435,torontomyst.6.151474,-78.7326777179731,-6.019747795010167
baseline200.p5.91,2,sentence,Painter stepped closer to the technician.,item_id=440_Studio_O_target_dur=2_epsilon_dur=0.03_actual_dur=1.9750_speed=1.113.wav,91.0,440.0,p5,2,4,3.3061751425266266,5.61485,11.259818571428571,beta-control-neural-D.440,torontomyst.6.129341,61.08089447983598,-48.53872768113305
baseline200.p5.92,2,sentence,She felt foolish and oddly frightened.,item_id=443_Studio_O_target_dur=2_epsilon_dur=0.03_actual_dur=1.9750_speed=1.085.wav,92.0,443.0,p5,2,4,3.446051665714809,5.765628,11.413917142857144,beta-control-neural-D.443,torontomyst.6.126787,-24.97538520875723,33.435234634233666
baseline200.p5.93,2,sentence,"Crisp, fresh onion, just enough cilantro.",item_id=444_Studio_O_target_dur=2_epsilon_dur=0.03_actual_dur=1.9750_speed=1.211.wav,93.0,444.0,p5,2,4,4.379201752798898,3.4526327,12.15168111111111,beta-control-neural-D.444,torontomyst.6.114434,156.5743267049113,-24.974466011392785
baseline200.p5.94,2,sentence,Floor to ceiling windows covered it.,item_id=455_Studio_O_target_dur=2_epsilon_dur=0.03_actual_dur=1.9750_speed=1.000.wav,94.0,455.0,p5,2,4,2.268775224685669,4.5881076,12.6559,beta-control-neural-D.455,torontomyst.6.041241,18.44356864370877,-26.23146619813567
baseline200.p5.95,2,sentence,"She shrugged, hoping to look indifferent.",item_id=456_Studio_O_target_dur=2_epsilon_dur=0.03_actual_dur=1.9750_speed=1.069.wav,95.0,456.0,p5,2,4,3.6809193321636746,4.8821373,10.2967625,beta-control-neural-D.456,torontomyst.6.016134,7.601291982520014,35.60325809424007
baseline200.p5.96,2,sentence,It was an upstairs back bedroom.,item_id=471_Studio_O_target_dur=2_epsilon_dur=0.03_actual_dur=1.9750_speed=0.873.wav,96.0,471.0,p5,2,4,2.786749056407384,4.904983,11.437414285714286,beta-control-neural-D.471,torontomyst.6.143911,-9.254437649070288,-48.37362514193847
baseline200.p5.97,2,sentence,It's built around an enclosed courtyard.,item_id=472_Studio_O_target_dur=2_epsilon_dur=0.03_actual_dur=1.9500_speed=0.977.wav,97.0,472.0,p5,2,4,2.101324424147606,4.8121624,10.40027,beta-control-neural-D.472,torontomyst.6.156332,-28.693529284217664,-39.790049527179846
baseline200.p5.98,2,sentence,My skin feels like melting wax.,item_id=477_Studio_O_target_dur=2_epsilon_dur=0.03_actual_dur=1.9500_speed=0.849.wav,98.0,477.0,p5,2,4,3.533086793763297,4.7436175,13.847578571428572,beta-control-neural-D.477,torontomyst.6.152629,-49.59579637853703,-57.370367377832544
baseline200.p5.99,2,sentence,Guitar chords lent a soothing strum.,item_id=478_Studio_O_target_dur=2_epsilon_dur=0.03_actual_dur=1.9500_speed=0.977.wav,99.0,478.0,p5,2,4,3.7513949871063232,5.4903526,14.223864285714283,beta-control-neural-D.478,torontomyst.6.099964,79.76684758983973,-57.902907904511366
baseline200.p5.100,2,sentence,As if that would impress anyone.,item_id=483_Studio_O_target_dur=2_epsilon_dur=0.03_actual_dur=1.9500_speed=1.000.wav,100.0,483.0,p5,2,4,2.7308937992368425,4.3584633,11.282954285714286,beta-control-neural-D.483,torontomyst.6.056085,-44.01931379196498,76.9854871551061
baseline200.p5.101,2,sentence,Check some of my reference books.,item_id=485_Studio_O_target_dur=2_epsilon_dur=0.03_actual_dur=1.9500_speed=0.758.wav,101.0,485.0,p5,2,4,2.6533345324652537,5.1634912,12.213841428571428,beta-control-neural-D.485,torontomyst.6.103541,-11.608336038485112,-14.237605172899825
baseline200.p5.102,2,sentence,He was a United States Senator!,item_id=486_Studio_O_target_dur=2_epsilon_dur=0.03_actual_dur=1.9750_speed=1.098.wav,102.0,486.0,p5,2,4,1.2124585956335068,4.1591907,11.119217142857142,beta-control-neural-D.486,torontomyst.6.025425,-34.70699441956604,-19.830907591826453
baseline200.p5.103,2,sentence,Water drips from the exhaust pipe.,item_id=492_Studio_O_target_dur=2_epsilon_dur=0.03_actual_dur=1.9500_speed=0.869.wav,103.0,492.0,p5,2,4,2.066184175865991,3.9000173,12.139671428571427,beta-control-neural-D.492,torontomyst.6.057100,-45.00301124264755,-57.25583577128735
baseline200.p5.104,2,sentence,Especially the priest in our church.,item_id=497_Studio_O_target_dur=2_epsilon_dur=0.03_actual_dur=1.9750_speed=1.030.wav,104.0,497.0,p5,2,4,2.759329506329128,5.322149,13.09802,beta-control-neural-D.497,torontomyst.6.011540,27.573813966536697,-29.18347189212462
baseline200.p5.105,2,sentence,Did permission have to be granted?,item_id=505_Studio_O_target_dur=2_epsilon_dur=0.03_actual_dur=1.9500_speed=1.000.wav,105.0,505.0,p5,2,4,3.077682222638811,4.1984787,10.466652857142858,beta-control-neural-D.505,torontomyst.6.128868,21.522770636209497,63.376346374584216
baseline200.p5.106,2,sentence,The official diagnosis was a stroke.,item_id=507_Studio_O_target_dur=2_epsilon_dur=0.03_actual_dur=1.9500_speed=1.228.wav,106.0,507.0,p5,2,4,2.237869228635516,3.7928238,9.070288571428572,beta-control-neural-D.507,torontomyst.6.007321,-36.5575314094996,-18.817978292285986
baseline200.p5.107,2,sentence,Fredriksson was the acting news editor.,item_id=511_Studio_O_target_dur=2_epsilon_dur=0.03_actual_dur=1.9750_speed=1.250.wav,107.0,511.0,p5,2,4,3.176374758992876,4.920154,10.819744285714284,beta-control-neural-D.511,torontomyst.6.076684,-15.78931285886874,-69.0049269377793
baseline200.p5.108,2,sentence,A bunny can be fluffy sometimes.,item_id=516_Studio_O_target_dur=2_epsilon_dur=0.03_actual_dur=1.9750_speed=1.046.wav,108.0,516.0,p5,2,4,3.430837341717312,5.690008,10.925174285714286,beta-control-neural-D.516,torontomyst.6.067486,-7.848747163700736,40.67871553242187
baseline200.p5.109,2,sentence,How sturdy is the coffee table?,item_id=518_Studio_O_target_dur=2_epsilon_dur=0.03_actual_dur=1.9500_speed=1.000.wav,109.0,518.0,p5,2,4,3.082447494779314,4.4397373,11.686665714285713,beta-control-neural-D.518,torontomyst.6.067764,-47.52626012265965,5.879950991235846
baseline200.p5.110,2,sentence,The brunette was licking her lips.,item_id=521_Studio_O_target_dur=2_epsilon_dur=0.03_actual_dur=1.9500_speed=0.869.wav,110.0,521.0,p5,2,4,3.056806538786207,4.1884594,10.51076,beta-control-neural-D.521,torontomyst.6.006844,5.4572911601153615,-36.197906957891234
baseline200.p5.111,2,sentence,He glanced wistfully out the window..,item_id=530_Studio_O_target_dur=2_epsilon_dur=0.03_actual_dur=1.9750_speed=0.952.wav,111.0,530.0,p5,2,4,2.30354888524328,4.499521,15.88756,beta-control-neural-D.530,torontomyst.6.123336,-21.83575887655191,-51.48047752482551
baseline200.p5.112,2,sentence,"Gross stopped briefly, then went on.",item_id=535_Studio_O_target_dur=2_epsilon_dur=0.03_actual_dur=1.9750_speed=0.882.wav,112.0,535.0,p5,2,4,2.9642170710223064,4.5432105,11.14525375,beta-control-neural-D.535,brown.6.000264,69.6815110124634,8.325715515660379
baseline200.p5.113,2,sentence,I couldn't help laughing with him.,item_id=540_Studio_O_target_dur=2_epsilon_dur=0.03_actual_dur=1.9500_speed=0.848.wav,113.0,540.0,p5,2,4,1.811918628285639,3.9164357,8.415415,beta-control-neural-D.540,brown.6.001350,-31.924139722020872,23.030858749066297
baseline200.p5.114,2,sentence,Bullets began to snap past him.,item_id=546_Studio_O_target_dur=2_epsilon_dur=0.03_actual_dur=1.9500_speed=0.858.wav,114.0,546.0,p5,2,4,3.1786354099001204,5.009118,11.447555714285716,beta-control-neural-D.546,brown.6.000029,-9.75932476610554,-43.174371007467286
baseline200.p5.115,2,sentence,The courage to meet every challenge.,item_id=549_Studio_O_target_dur=2_epsilon_dur=0.03_actual_dur=1.9750_speed=1.138.wav,115.0,549.0,p5,2,4,2.31297939164298,4.5510874,10.390665714285715,beta-control-neural-D.549,brown.6.000259,-38.27374126780224,-6.907339173224805
baseline200.p5.116,2,sentence,Payne was more methodical than that.,item_id=556_Studio_O_target_dur=2_epsilon_dur=0.03_actual_dur=1.9750_speed=1.041.wav,116.0,556.0,p5,2,4,2.7990272300583974,4.4654326,10.780895714285714,beta-control-neural-D.556,brown.6.000428,71.42640369440653,46.37455521353173
baseline200.p5.117,2,sentence,Suppose Lauren comes looking for us??,item_id=562_Studio_O_target_dur=2_epsilon_dur=0.03_actual_dur=1.9500_speed=1.089.wav,117.0,562.0,p5,2,4,3.316245206764766,6.7479653,12.5890825,beta-control-neural-D.562,brown.6.000930,3.337039310822373,46.347268216489255
baseline200.p5.118,2,sentence,A letter awaited her at Princeton.,item_id=568_Studio_O_target_dur=2_epsilon_dur=0.03_actual_dur=1.9750_speed=1.170.wav,118.0,568.0,p5,2,4,2.9139202322278703,5.611307,10.84872,beta-control-neural-D.568,brown.6.000258,-13.799126883339106,-27.12835255606444
baseline200.p5.119,2,sentence,"Fred Mullen from Mercer Island, Wash.",item_id=569_Studio_O_target_dur=2_epsilon_dur=0.03_actual_dur=1.9750_speed=1.066.wav,119.0,569.0,p5,2,4,3.660393221037729,4.5281053,13.4617925,beta-control-neural-D.569,brown.6.001156,143.0471844296614,-32.177493536745175
baseline200.p5.120,2,sentence,For what do the utopians labor??,item_id=572_Studio_O_target_dur=2_epsilon_dur=0.03_actual_dur=1.9750_speed=1.109.wav,120.0,572.0,p5,2,4,2.768336872259776,6.0658646,12.38852875,beta-control-neural-D.572,brown.6.000240,116.10178551280376,22.72296709868799
baseline200.p5.121,2,sentence,Martin gave her a teasing pat.,item_id=582_Studio_O_target_dur=2_epsilon_dur=0.03_actual_dur=1.9750_speed=0.804.wav,121.0,582.0,p5,2,4,2.9619130321911404,6.005518,12.609334285714286,beta-control-neural-D.582,brown.6.001375,7.919668937522997,-61.08126864254839
baseline200.p5.122,2,sentence,You can use milk if required.,item_id=587_Studio_O_target_dur=2_epsilon_dur=0.03_actual_dur=1.9500_speed=0.796.wav,122.0,587.0,p5,2,4,2.5428535086768016,5.2337894,10.997047142857143,beta-control-neural-D.587,c4_-om2-data-public-allenai-c4-c4-en-c4-train.00470-of-01024.6.049487,17.635472228675372,54.63218989258974
baseline200.p5.123,2,sentence,Our friend Bo Fodor is playing.,item_id=594_Studio_O_target_dur=2_epsilon_dur=0.03_actual_dur=1.9750_speed=0.920.wav,123.0,594.0,p5,2,4,3.2915014709745134,6.197236,13.255304285714288,beta-control-neural-D.594,c4_-om2-data-public-allenai-c4-c4-en-c4-train.00470-of-01024.6.124618,100.74733529258845,-43.63284484608205
baseline200.p5.124,2,sentence,The fifth character is Mr. Globe.,item_id=603_Studio_O_target_dur=2_epsilon_dur=0.03_actual_dur=1.9750_speed=1.030.wav,124.0,603.0,p5,2,4,3.1143438730921065,5.1581826,9.656231428571427,beta-control-neural-D.603,c4_-om2-data-public-allenai-c4-c4-en-c4-train.00196-of-01024.6.044135,-0.4442996046065943,-63.10577080693413
baseline200.p5.125,2,sentence,This procedure works in most cases.,item_id=608_Studio_O_target_dur=2_epsilon_dur=0.03_actual_dur=1.9750_speed=1.070.wav,125.0,608.0,p5,2,4,2.334724375179836,3.833112,9.28732,beta-control-neural-D.608,c4_-om2-data-public-allenai-c4-c4-en-c4-train.00242-of-01024.6.150722,-47.6885323780358,17.880398926300494
baseline200.p5.126,2,sentence,I'm definitely up to the challenge!,item_id=619_Studio_O_target_dur=2_epsilon_dur=0.03_actual_dur=1.9750_speed=1.113.wav,126.0,619.0,p5,2,4,1.768556047230959,3.2065217,9.6762325,beta-control-neural-D.619,c4_-om2-data-public-allenai-c4-c4-en-c4-train.00196-of-01024.6.000648,-79.33224272139827,28.83706850293093
baseline200.p5.127,2,sentence,Visit my Author Website for more.,item_id=620_Studio_O_target_dur=2_epsilon_dur=0.03_actual_dur=1.9750_speed=1.044.wav,127.0,620.0,p5,2,4,3.4542140620095387,5.034776,13.889875714285711,beta-control-neural-D.620,c4_-om2-data-public-allenai-c4-c4-en-c4-train.00918-of-01024.6.091495,-51.94122983106588,-19.08825508454473
baseline200.p5.128,2,sentence,How to create a personalized chart.,item_id=624_Studio_O_target_dur=2_epsilon_dur=0.03_actual_dur=1.9750_speed=1.091.wav,128.0,624.0,p5,2,4,2.6350164796624864,4.4482336,10.970517142857144,beta-control-neural-D.624,c4_-om2-data-public-allenai-c4-c4-en-c4-train.00242-of-01024.6.017002,-25.44843510022672,-40.18045678409222
baseline200.p5.129,2,sentence,I'm starting to get a complex.,item_id=626_Studio_O_target_dur=2_epsilon_dur=0.03_actual_dur=1.9500_speed=0.786.wav,129.0,626.0,p5,2,4,1.907088680192828,3.557614,7.9932275,beta-control-neural-D.626,c4_-om2-data-public-allenai-c4-c4-en-c4-train.00368-of-01024.6.121106,11.89249764796009,-7.597174074969971
baseline200.p5.130,2,sentence,So the wise renounce that aim.,item_id=632_Studio_O_target_dur=2_epsilon_dur=0.03_actual_dur=1.9500_speed=0.791.wav,130.0,632.0,p5,2,4,3.485283579145159,6.1300273,11.97814,beta-control-neural-D.632,c4_-om2-data-public-allenai-c4-c4-en-c4-train.00368-of-01024.6.044039,100.55987990606742,30.22574943139442
baseline200.p5.131,2,sentence,A must for all hosta collections.,item_id=633_Studio_O_target_dur=2_epsilon_dur=0.03_actual_dur=1.9500_speed=1.092.wav,131.0,633.0,p5,2,4,3.2486594234194075,5.653875,13.14174,beta-control-neural-D.633,c4_-om2-data-public-allenai-c4-c4-en-c4-train.00196-of-01024.6.011357,113.46482657530365,-13.929535262595657
baseline200.p5.132,2,sentence,"First of all, visit Disney Store.",item_id=647_Studio_O_target_dur=2_epsilon_dur=0.03_actual_dur=1.9500_speed=0.930.wav,132.0,647.0,p5,2,4,2.7166227847337723,4.560796,10.429075,beta-control-neural-D.647,c4_-om2-data-public-allenai-c4-c4-en-c4-train.00918-of-01024.6.065286,-17.42008075626271,-2.081658597006959
baseline200.p5.133,2,sentence,"Keep Your Private Stuff, well, Private!",item_id=648_Studio_O_target_dur=2_epsilon_dur=0.03_actual_dur=1.9500_speed=0.846.wav,133.0,648.0,p5,2,4,3.649231399808611,5.204175,13.809283333333331,beta-control-neural-D.648,c4_-om2-data-public-allenai-c4-c4-en-c4-train.00918-of-01024.6.133099,83.36154280541241,64.08672761984428
baseline200.p5.134,2,sentence,With the Dubai offline mobile map!,item_id=651_Studio_O_target_dur=2_epsilon_dur=0.03_actual_dur=1.9500_speed=0.977.wav,134.0,651.0,p5,2,4,3.1722316401345387,8.748437,15.553855714285714,beta-control-neural-D.651,c4_-om2-data-public-allenai-c4-c4-en-c4-train.00242-of-01024.6.030998,108.7088790188771,-38.819661808702726
baseline200.p5.135,2,sentence,Never been to Cairns Airport before?,item_id=652_Studio_O_target_dur=2_epsilon_dur=0.03_actual_dur=1.9750_speed=1.044.wav,135.0,652.0,p5,2,4,2.907462937491281,3.8695772,14.173101428571428,beta-control-neural-D.652,c4_-om2-data-public-allenai-c4-c4-en-c4-train.00242-of-01024.6.107966,63.17814502465553,5.8727581577617824
baseline200.p5.136,2,sentence,With standard Plone that is impossible.,item_id=653_Studio_O_target_dur=2_epsilon_dur=0.03_actual_dur=1.9750_speed=1.166.wav,136.0,653.0,p5,2,4,2.6296464800834656,6.5446625,11.679128571428572,beta-control-neural-D.653,c4_-om2-data-public-allenai-c4-c4-en-c4-train.00242-of-01024.6.107455,107.45635692197534,36.21105250852468
baseline200.p5.137,2,sentence,"That project continues, for the moment.",item_id=655_Studio_O_target_dur=2_epsilon_dur=0.03_actual_dur=1.9500_speed=1.091.wav,137.0,655.0,p5,2,4,2.5547619462013245,4.362996,8.54649875,beta-control-neural-D.655,c4_-om2-data-public-allenai-c4-c4-en-c4-train.00242-of-01024.6.176792,13.895417224265044,51.77923429167553
baseline200.p5.138,2,sentence,What exactly's the matter with me?,item_id=659_Studio_O_target_dur=2_epsilon_dur=0.03_actual_dur=1.9500_speed=1.000.wav,138.0,659.0,p5,2,4,2.316313561052084,3.7849147,11.04477625,beta-control-neural-D.659,c4_-om2-data-public-allenai-c4-c4-en-c4-train.00368-of-01024.6.160392,-2.676433340397654,53.95938227756676
baseline200.p5.139,2,sentence,Nico hears his dad and smiles.,item_id=662_Studio_O_target_dur=2_epsilon_dur=0.03_actual_dur=1.9500_speed=0.793.wav,139.0,662.0,p5,2,4,3.284241804054805,5.608674,12.907125714285714,beta-control-neural-D.662,c4_-om2-data-public-allenai-c4-c4-en-c4-train.00918-of-01024.6.022601,37.971919226931306,-11.20175370804304
baseline200.p5.140,2,sentence,This is pretty damn cool right?,item_id=666_Studio_O_target_dur=2_epsilon_dur=0.03_actual_dur=1.9750_speed=0.752.wav,140.0,666.0,p5,2,4,2.390178084373474,3.585842,12.145425714285713,beta-control-neural-D.666,c4_-om2-data-public-allenai-c4-c4-en-c4-train.00368-of-01024.6.120146,-18.77838592454738,1.648051582811925
baseline200.p5.141,2,sentence,Three sisters preceded her in death.,item_id=675_Studio_O_target_dur=2_epsilon_dur=0.03_actual_dur=1.9750_speed=1.098.wav,141.0,675.0,p5,2,4,2.705886662006378,5.2118235,12.41548,beta-control-neural-D.675,c4_-om2-data-public-allenai-c4-c4-en-c4-train.00368-of-01024.6.151449,10.447134044145628,-31.19769430894004
baseline200.p5.142,2,sentence,Lower sales will get their attention.,item_id=676_Studio_O_target_dur=2_epsilon_dur=0.03_actual_dur=1.9500_speed=1.000.wav,142.0,676.0,p5,2,4,2.6609118155070712,6.2399354,8.89726142857143,beta-control-neural-D.676,c4_-om2-data-public-allenai-c4-c4-en-c4-train.00470-of-01024.6.085635,-58.28159728479092,10.304139103787396
baseline200.p5.143,2,sentence,"Unfortunately, I'd left the flash on.",item_id=683_Studio_O_target_dur=2_epsilon_dur=0.03_actual_dur=1.9750_speed=1.143.wav,143.0,683.0,p5,2,4,2.8060335218906403,4.563012,9.632523666666666,beta-control-neural-D.683,c4_-om2-data-public-allenai-c4-c4-en-c4-train.00470-of-01024.6.132182,-8.203663805416344,28.247127747023317
baseline200.p5.144,2,sentence,It was overwhelming support for Epic.,item_id=693_Studio_O_target_dur=2_epsilon_dur=0.03_actual_dur=1.9750_speed=1.225.wav,144.0,693.0,p5,2,4,2.258028643471854,5.941676,10.297778571428571,beta-control-neural-D.693,c4_-om2-data-public-allenai-c4-c4-en-c4-train.00196-of-01024.6.093067,48.78969191884577,-8.597034257450677
baseline200.p5.145,2,sentence,Or you can use Meeting Mapper.,item_id=699_Studio_O_target_dur=2_epsilon_dur=0.03_actual_dur=1.9500_speed=0.762.wav,145.0,699.0,p5,2,4,3.06130256823131,5.3240414,11.140904285714289,beta-control-neural-D.699,c4_-om2-data-public-allenai-c4-c4-en-c4-train.00242-of-01024.6.013946,63.16294149754078,10.435342614935465
baseline200.p5.146,2,sentence,Press F5 to reset the position.,item_id=706_Studio_O_target_dur=2_epsilon_dur=0.03_actual_dur=1.9750_speed=1.172.wav,146.0,706.0,p5,2,4,3.188233471342496,4.439633,11.399445714285717,beta-control-neural-D.706,c4_-om2-data-public-allenai-c4-c4-en-c4-train.00196-of-01024.6.068900,-36.8229854473433,-56.56698511444156
baseline200.p5.147,2,sentence,Take 1 leaf of Aloe Vera.,item_id=719_Studio_O_target_dur=2_epsilon_dur=0.03_actual_dur=1.9500_speed=0.918.wav,147.0,719.0,p5,2,4,2.8403535336256027,4.48032,13.08049142857143,beta-control-neural-D.719,c4_-om2-data-public-allenai-c4-c4-en-c4-train.00242-of-01024.6.112381,7.142263798905642,-52.753064487643904
baseline200.p5.148,2,sentence,We need more female stage hypnotists.,item_id=720_Studio_O_target_dur=2_epsilon_dur=0.03_actual_dur=1.9750_speed=0.977.wav,148.0,720.0,p5,2,4,2.661816855271657,4.847133,11.559295714285714,beta-control-neural-D.720,c4_-om2-data-public-allenai-c4-c4-en-c4-train.00918-of-01024.6.133317,40.56833755966967,-73.31769776426616
baseline200.p5.149,2,sentence,Amazing place to learn martial arts.,item_id=723_Studio_O_target_dur=2_epsilon_dur=0.03_actual_dur=1.9750_speed=1.100.wav,149.0,723.0,p5,2,4,2.6704605477196828,4.4287086,13.425954285714283,beta-control-neural-D.723,c4_-om2-data-public-allenai-c4-c4-en-c4-train.00918-of-01024.6.077719,-42.039695032365465,-30.177566852069237
baseline200.p5.150,2,sentence,Wine choices pretty much the same.,item_id=724_Studio_O_target_dur=2_epsilon_dur=0.03_actual_dur=1.9750_speed=0.853.wav,150.0,724.0,p5,2,4,2.755048500640052,5.2964873,12.149968571428571,beta-control-neural-D.724,c4_-om2-data-public-allenai-c4-c4-en-c4-train.00918-of-01024.6.035198,45.151780271947445,19.44461476402168
baseline200.p5.151,2,sentence,Hatched a Wobbuffet from the Egg.,item_id=726_Studio_O_target_dur=2_epsilon_dur=0.03_actual_dur=1.9500_speed=0.862.wav,151.0,726.0,p5,2,4,2.6949425538380942,4.1684103,12.675702857142856,beta-control-neural-D.726,c4_-om2-data-public-allenai-c4-c4-en-c4-train.00242-of-01024.6.105068,145.39489188288357,-54.26018270613867
baseline200.p5.152,2,sentence,You've managed to edit a value!,item_id=730_Studio_O_target_dur=2_epsilon_dur=0.03_actual_dur=1.9750_speed=1.000.wav,152.0,730.0,p5,2,4,2.504572121426463,4.954516,10.085289375,beta-control-neural-D.730,c4_-om2-data-public-allenai-c4-c4-en-c4-train.00242-of-01024.6.003385,20.72014536783841,27.56984870577619
baseline200.p5.153,2,sentence,Your decisions will shape the world!,item_id=732_Studio_O_target_dur=2_epsilon_dur=0.03_actual_dur=1.9500_speed=0.861.wav,153.0,732.0,p5,2,4,2.9043748549052646,4.361437,11.019141428571428,beta-control-neural-D.732,c4_-om2-data-public-allenai-c4-c4-en-c4-train.00196-of-01024.6.164871,-68.8408027196779,-5.440499820568378
baseline200.p5.154,2,sentence,Do any stand out in particular?,item_id=735_Studio_O_target_dur=2_epsilon_dur=0.03_actual_dur=1.9750_speed=1.173.wav,154.0,735.0,p5,2,4,2.7484282084873746,4.854626,10.636854285714284,beta-control-neural-D.735,c4_-om2-data-public-allenai-c4-c4-en-c4-train.00242-of-01024.6.121587,-21.03982644000325,40.0062767981791
baseline200.p5.155,2,sentence,And how does it impact mobile?,item_id=740_Studio_O_target_dur=2_epsilon_dur=0.03_actual_dur=1.9750_speed=0.858.wav,155.0,740.0,p5,2,4,2.956803555999483,4.771655,10.781887142857142,beta-control-neural-D.740,c4_-om2-data-public-allenai-c4-c4-en-c4-train.00242-of-01024.6.111390,78.39182817645352,17.815424883065887
baseline200.p5.156,2,sentence,Addiction is not a pretty face.,item_id=747_Studio_O_target_dur=2_epsilon_dur=0.03_actual_dur=1.9750_speed=1.089.wav,156.0,747.0,p5,2,4,2.1301505267620087,3.9665687,10.328267142857143,beta-control-neural-D.747,cocaspok2010.6.003496,15.7652365829088,10.198206895299306
baseline200.p5.157,2,sentence,And I've actually spoken with him.,item_id=748_Studio_O_target_dur=2_epsilon_dur=0.03_actual_dur=1.9750_speed=1.109.wav,157.0,748.0,p5,2,4,2.0487377867102623,3.8271816,8.4569525,beta-control-neural-D.748,cocaspok1998.6.008073,-22.50101324577483,68.61105601309633
baseline200.p5.158,2,sentence,Let's get it going once again.,item_id=754_Studio_O_target_dur=2_epsilon_dur=0.03_actual_dur=1.9500_speed=0.804.wav,158.0,754.0,p5,2,4,1.881087027490139,3.5533972,9.86094125,beta-control-neural-D.754,cocaspok2010.6.005395,-47.227435349368186,36.96040283795895
baseline200.p5.159,2,sentence,There were probably five of them.,item_id=759_Studio_O_target_dur=2_epsilon_dur=0.03_actual_dur=1.9500_speed=0.868.wav,159.0,759.0,p5,2,4,1.91622166974204,3.7754025,8.079054285714285,beta-control-neural-D.759,cocaspok1998.6.004744,-33.931250327470345,28.23958612921762
baseline200.p5.160,2,sentence,And that is a direct strategy.,item_id=771_Studio_O_target_dur=2_epsilon_dur=0.03_actual_dur=1.9500_speed=1.015.wav,160.0,771.0,p5,2,4,2.2428139533315385,4.840493,7.445465714285715,beta-control-neural-D.771,cocaspok2010.6.009660,18.96336732827673,38.63941299392378
baseline200.p5.161,2,sentence,"Senator Edwards, good luck to you.",item_id=777_Studio_O_target_dur=2_epsilon_dur=0.03_actual_dur=1.9750_speed=1.041.wav,161.0,777.0,p5,2,4,2.56386205979756,4.307544,11.07856,beta-control-neural-D.777,cocaspok2004.6.006097,-24.183093965246368,-13.421141814191923
baseline200.p5.162,2,sentence,The terror camp was never built.,item_id=778_Studio_O_target_dur=2_epsilon_dur=0.03_actual_dur=1.9500_speed=0.873.wav,162.0,778.0,p5,2,4,2.373967136655535,5.239355,10.466862857142855,beta-control-neural-D.778,cocaspok2004.6.002742,27.23045916160517,-22.45341008579456
baseline200.p5.163,2,sentence,Thousands of innocent lives were lost.,item_id=783_Studio_O_target_dur=2_epsilon_dur=0.03_actual_dur=1.9750_speed=1.015.wav,163.0,783.0,p5,2,4,1.8801322020590303,3.7598104,11.011662857142856,beta-control-neural-D.783,cocaspok2008.6.002766,-95.41044884984728,-20.828219966748737
baseline200.p5.164,2,sentence,I have a very supportive husband.,item_id=794_Studio_O_target_dur=2_epsilon_dur=0.03_actual_dur=1.9750_speed=1.138.wav,164.0,794.0,p5,2,4,2.1872172696249828,3.5940437,9.721212857142858,beta-control-neural-D.794,cocaspok2006.6.009475,-77.43270002045126,-19.567119183474077
baseline200.p5.165,2,sentence,I want everybody to do well.,item_id=801_Studio_O_target_dur=2_epsilon_dur=0.03_actual_dur=1.9750_speed=1.094.wav,165.0,801.0,p5,2,4,2.151944364820208,3.5330467,8.697945714285714,beta-control-neural-D.801,cocaspok1994.6.000120,-99.05796176443124,25.64461539383141
baseline200.p5.166,2,sentence,And command doesn't first believe them.,item_id=804_Studio_O_target_dur=2_epsilon_dur=0.03_actual_dur=1.9500_speed=0.977.wav,166.0,804.0,p5,2,4,2.989831719081849,6.3988776,9.44262375,beta-control-neural-D.804,cocaspok2004.6.002426,102.30362900559624,32.46718944521184
baseline200.p5.167,2,sentence,"Finally, he was this past Friday.",item_id=807_Studio_O_target_dur=2_epsilon_dur=0.03_actual_dur=1.9750_speed=1.070.wav,167.0,807.0,p5,2,4,2.439975985458919,4.731175,7.752967874999999,beta-control-neural-D.807,cocaspok1992.6.002883,158.7027232737591,58.74447122533345
baseline200.p5.168,2,sentence,I'm not crazy about blind dates.,item_id=819_Studio_O_target_dur=2_epsilon_dur=0.03_actual_dur=1.9750_speed=0.853.wav,168.0,819.0,p5,2,4,2.2850687578320503,3.6878216,10.30441625,beta-control-neural-D.819,cornellmov.6.010472,-35.26413209349645,18.84837020581933
baseline200.p5.169,2,sentence,I got pinched in the elevator.,item_id=834_Studio_O_target_dur=2_epsilon_dur=0.03_actual_dur=1.9500_speed=0.909.wav,169.0,834.0,p5,2,4,2.764619209936687,4.2502346,10.197334285714286,beta-control-neural-D.834,cornellmov.6.013336,44.76445578631936,-34.794306162924826
baseline200.p5.170,2,sentence,"Craig, darling are you in there?",item_id=836_Studio_O_target_dur=2_epsilon_dur=0.03_actual_dur=1.9500_speed=0.775.wav,170.0,836.0,p5,2,4,3.0894819838660106,4.9677405,11.1967975,beta-control-neural-D.836,cornellmov.6.027419,57.26047941106127,3.36050009534107
baseline200.p5.171,2,sentence,"On your ear, you've got something.",item_id=842_Studio_O_target_dur=2_epsilon_dur=0.03_actual_dur=1.9500_speed=0.786.wav,171.0,842.0,p5,2,4,2.388081446290016,4.269683,9.673728888888888,beta-control-neural-D.842,cornellmov.6.005829,-13.045769157624544,16.73212526017487
baseline200.p5.172,2,sentence,It probably has the Dumper's name.,item_id=843_Studio_O_target_dur=2_epsilon_dur=0.03_actual_dur=1.9750_speed=0.977.wav,172.0,843.0,p5,2,4,2.089560874870845,5.6619253,8.585105,beta-control-neural-D.843,cornellmov.6.033363,48.2178543821449,-0.8484046341673134
baseline200.p5.173,2,sentence,Why's his britches round his knees?,item_id=850_Studio_O_target_dur=2_epsilon_dur=0.03_actual_dur=1.9500_speed=0.751.wav,173.0,850.0,p5,2,4,3.633259758353233,4.6324363,12.6500775,beta-control-neural-D.850,cornellmov.6.000786,113.57411761659932,2.266401048153762
baseline200.p5.174,2,sentence,Because... I didn't think I would?,item_id=856_Studio_O_target_dur=2_epsilon_dur=0.03_actual_dur=1.9750_speed=0.832.wav,174.0,856.0,p5,2,4,1.5118174548260868,4.0372124,9.779314444444443,beta-control-neural-D.856,cornellmov.6.011237,22.068551096133543,95.60134219665797
baseline200.p5.175,2,sentence,What happens when the baby comes?,item_id=861_Studio_O_target_dur=2_epsilon_dur=0.03_actual_dur=1.9500_speed=0.862.wav,175.0,861.0,p5,2,4,2.0736895969935825,3.5445695,11.218075714285716,beta-control-neural-D.861,cornellmov.6.006470,10.037903332196333,35.553592226325854
baseline200.p5.176,2,sentence,"Just please, give me the ticket!",item_id=862_Studio_O_target_dur=2_epsilon_dur=0.03_actual_dur=1.9500_speed=0.771.wav,176.0,862.0,p5,2,4,2.646945361580168,4.707766,11.72137125,beta-control-neural-D.862,cornellmov.6.040098,-12.363352627058196,26.58071085830763
baseline200.p5.177,2,sentence,Learn how to speak English first.,item_id=863_Studio_O_target_dur=2_epsilon_dur=0.03_actual_dur=1.9500_speed=0.773.wav,177.0,863.0,p5,2,4,2.4594404825142453,4.4805045,12.859114285714286,beta-control-neural-D.863,cornellmov.6.030059,-50.66981798818294,33.03320420255832
baseline200.p5.178,2,sentence,"Our prayers have been answered, Turkle!",item_id=866_Studio_O_target_dur=2_epsilon_dur=0.03_actual_dur=1.9750_speed=1.015.wav,178.0,866.0,p5,2,4,2.995725303888321,5.1539574,13.12408375,beta-control-neural-D.866,cornellmov.6.034958,109.92392168887288,7.754617611191281
baseline200.p5.179,2,sentence,I'm out here looking for Leo.,item_id=878_Studio_O_target_dur=2_epsilon_dur=0.03_actual_dur=1.9500_speed=0.869.wav,179.0,878.0,p5,2,4,2.556801438331604,4.1632047,10.1011675,beta-control-neural-D.878,cornellmov.6.018562,23.15236673004296,-0.922360891572158
baseline200.p5.180,2,sentence,I've continued working on the case!,item_id=885_Studio_O_target_dur=2_epsilon_dur=0.03_actual_dur=1.9500_speed=1.000.wav,180.0,885.0,p5,2,4,1.858690608292818,4.353909,10.076545,beta-control-neural-D.885,cornellmov.6.000803,-122.1287835212312,-26.254564715210723
baseline200.p5.181,2,sentence,The drawstring just completes the fit.,item_id=910_Studio_O_target_dur=2_epsilon_dur=0.03_actual_dur=1.9750_speed=0.838.wav,181.0,910.0,p5,2,4,3.47390079498291,5.913244,10.793802857142856,beta-control-neural-D.910,ud.6.000818,47.67908545858042,-29.171443963333942
baseline200.p5.182,2,sentence,Wishing your husband a happy birthday!,item_id=911_Studio_O_target_dur=2_epsilon_dur=0.03_actual_dur=1.9750_speed=1.123.wav,182.0,911.0,p5,2,4,2.976079157420567,3.5619972,14.889757142857144,beta-control-neural-D.911,ud.6.000930,-72.91589968680942,4.300069218669907
baseline200.p5.183,2,sentence,Asked her question and did nothing.,item_id=912_Studio_O_target_dur=2_epsilon_dur=0.03_actual_dur=1.9500_speed=0.955.wav,183.0,912.0,p5,2,4,2.6628413711275374,5.4967036,12.631425714285712,beta-control-neural-D.912,ud.6.000136,70.44197149735028,69.8382166418574
baseline200.p5.184,2,sentence,"Well, this may be an exception.",item_id=920_Studio_O_target_dur=2_epsilon_dur=0.03_actual_dur=1.9500_speed=0.893.wav,184.0,920.0,p5,2,4,2.056222762380328,3.3392391,8.05150175,beta-control-neural-D.920,ud.6.000996,-19.11925045986918,67.15947418922813
baseline200.p5.185,2,sentence,Both Tina and Vicky are excellent.,item_id=922_Studio_O_target_dur=2_epsilon_dur=0.03_actual_dur=1.9750_speed=1.244.wav,185.0,922.0,p5,2,4,3.3426082815442766,5.0676627,11.826902857142857,beta-control-neural-D.922,ud.6.000426,5.390180823752116,-9.123643470402236
baseline200.p5.186,2,sentence,There is no subterfuge in you.,item_id=929_Studio_O_target_dur=2_epsilon_dur=0.03_actual_dur=1.9500_speed=0.858.wav,186.0,929.0,p5,2,4,2.6087907212121144,3.6216285,8.778592857142858,beta-control-neural-D.929,ud.6.000983,10.257360159441609,-10.03468483697692
baseline200.p5.187,2,sentence,Sometimes he stood up for exercise.,item_id=935_Studio_O_target_dur=2_epsilon_dur=0.03_actual_dur=1.9750_speed=1.028.wav,187.0,935.0,p5,2,4,2.280533637319292,5.533976,9.934057142857142,beta-control-neural-D.935,ud.6.000975,-44.23137790738852,13.994765915315453
baseline200.p5.188,2,sentence,Paying special attention to the eyes.,item_id=942_Studio_O_target_dur=2_epsilon_dur=0.03_actual_dur=1.9500_speed=1.192.wav,188.0,942.0,p5,2,4,1.9733721507447104,3.7770774,15.93377,beta-control-neural-D.942,ud.6.000531,10.539953929982774,11.75074351120835
baseline200.p5.189,2,sentence,"They will, however, cost a bunch.",item_id=946_Studio_O_target_dur=2_epsilon_dur=0.03_actual_dur=1.9750_speed=0.861.wav,189.0,946.0,p5,2,4,2.8659080607550487,4.1841865,8.709707222222223,beta-control-neural-D.946,ud.6.000792,-32.668273174786414,37.26615900195931
baseline200.p5.190,2,sentence,My favorite so far in Bellevue.,item_id=948_Studio_O_target_dur=2_epsilon_dur=0.03_actual_dur=1.9500_speed=0.942.wav,190.0,948.0,p5,2,4,2.672450474330357,4.617328,12.523587142857142,beta-control-neural-D.948,ud.6.000013,44.52277814888329,-42.12355341789751
baseline200.p5.191,2,sentence,I would recommend them to anyone!,item_id=950_Studio_O_target_dur=2_epsilon_dur=0.03_actual_dur=1.9500_speed=1.166.wav,191.0,950.0,p5,2,4,2.2322337797709872,3.5071843,10.061874285714286,beta-control-neural-D.950,ud.6.000214,-111.65885377144096,13.25294757782383
baseline200.p5.192,2,sentence,"""I think it's overblown,"" he said.",item_id=953_Studio_O_target_dur=2_epsilon_dur=0.03_actual_dur=1.9750_speed=0.906.wav,192.0,953.0,p5,2,4,2.2106595262885094,2.1182187,8.297513636363636,beta-control-neural-D.953,wsj.6.001339,-12.775408406584203,34.8601724773267
baseline200.p5.193,2,sentence,Hope is indeed a wonderful thing.,item_id=959_Studio_O_target_dur=2_epsilon_dur=0.03_actual_dur=1.9500_speed=1.028.wav,193.0,959.0,p5,2,4,2.300983463014876,3.583306,10.137235714285714,beta-control-neural-D.959,wsj.6.001402,-11.786988792557125,17.150893325569402
baseline200.p5.194,2,sentence,That's where Dr. Angell comes in.,item_id=963_Studio_O_target_dur=2_epsilon_dur=0.03_actual_dur=1.9500_speed=0.918.wav,194.0,963.0,p5,2,4,2.850568823516369,3.059582,9.4236425,beta-control-neural-D.963,wsj.6.002879,4.878266116060554,-15.03130733674705
baseline200.p5.195,2,sentence,The redemption date is March 1.,item_id=974_Studio_O_target_dur=2_epsilon_dur=0.03_actual_dur=1.9500_speed=0.909.wav,195.0,974.0,p5,2,4,3.1651629294667925,4.815891,9.30398142857143,beta-control-neural-D.974,wsj.6.001509,-42.45174213370048,-58.372902646454754
baseline200.p5.196,2,sentence,The two companies declined to comment.,item_id=975_Studio_O_target_dur=2_epsilon_dur=0.03_actual_dur=1.9500_speed=1.042.wav,196.0,975.0,p5,2,4,1.869650985513415,3.1371465,6.81416,beta-control-neural-D.975,wsj.6.000310,-58.097834619345925,-21.927553677469778
baseline200.p5.197,2,sentence,Justice Singh asks the government's lawyer.,item_id=978_Studio_O_target_dur=2_epsilon_dur=0.03_actual_dur=1.9750_speed=1.098.wav,197.0,978.0,p5,2,4,3.059127300977707,6.0182867,9.967195,beta-control-neural-D.978,wsj.6.001380,144.11915996742115,-2.992863475922587
baseline200.p5.198,2,sentence,That's why we're talking about taxes.,item_id=983_Studio_O_target_dur=2_epsilon_dur=0.03_actual_dur=1.9750_speed=1.044.wav,198.0,983.0,p5,2,4,1.7376463678148055,3.2258441,9.125515555555555,beta-control-neural-D.983,wsj.6.002750,-32.197455347122855,31.712754569634715
baseline200.p5.199,2,sentence,"Before that, he had no records.",item_id=986_Studio_O_target_dur=2_epsilon_dur=0.03_actual_dur=1.9500_speed=0.930.wav,199.0,986.0,p5,2,4,1.9682318142482207,4.2403874,8.402015,beta-control-neural-D.986,wsj.6.000590,-17.28853608842207,33.0813369336156
baseline200.p5.200,2,sentence,He's taught me that by example.,item_id=995_Studio_O_target_dur=2_epsilon_dur=0.03_actual_dur=1.9500_speed=0.815.wav,200.0,995.0,p5,2,4,2.635846145451069,4.6451364,10.69883875,beta-control-neural-D.995,wsj.6.002015,-12.802300220713615,43.02735041623479
